{"options":{"comment":null,"compatopts_for_requires":true,"compat_wrappedjsobject":false,"compat_metadata":false,"compat_foreach":false,"compat_arrayleft":false,"compat_uW_gmonkey":false,"compat_forvarin":false,"noframes":null,"awareOfChrome":false,"run_at":null,"user_agent":"","override":{"includes":false,"merge_includes":true,"use_includes":[],"orig_includes":["http://bookstrap.hackreactor.com/auth/login"],"matches":false,"merge_matches":true,"use_matches":[],"orig_matches":[],"excludes":false,"merge_excludes":true,"use_excludes":[],"orig_excludes":[],"orig_noframes":null,"orig_run_at":"document-end"}},"settings":{"enabled":true,"position":1},"meta":{"name":"githubLoginHR","uuid":"28b6722f-1bdb-43ed-b9cf-d0814c6ab2a6","modified":1423857441143}}