{"options":{"comment":null,"compatopts_for_requires":true,"compat_wrappedjsobject":false,"compat_metadata":false,"compat_foreach":false,"compat_arrayleft":false,"compat_uW_gmonkey":false,"compat_forvarin":false,"noframes":null,"awareOfChrome":false,"run_at":null,"user_agent":"","override":{"includes":false,"merge_includes":true,"use_includes":[],"orig_includes":["http://bookstrap.hackreactor.com/"],"matches":false,"merge_matches":true,"use_matches":[],"orig_matches":[],"excludes":false,"merge_excludes":true,"use_excludes":[],"orig_excludes":[],"orig_noframes":null,"orig_run_at":"document-end"}},"settings":{"enabled":true,"position":2},"meta":{"name":"navToAttendanceHR","uuid":"4cfd8906-674c-406c-8410-5566afbfebdc","modified":1423857445810}}