{"options":{"comment":null,"compatopts_for_requires":true,"compat_wrappedjsobject":false,"compat_metadata":false,"compat_foreach":false,"compat_arrayleft":false,"compat_uW_gmonkey":false,"compat_forvarin":false,"noframes":null,"awareOfChrome":false,"run_at":null,"user_agent":"","override":{"includes":false,"merge_includes":true,"use_includes":[],"orig_includes":["http://bookstrap.hackreactor.com/attendance"],"matches":false,"merge_matches":true,"use_matches":[],"orig_matches":[],"excludes":false,"merge_excludes":true,"use_excludes":[],"orig_excludes":[],"orig_noframes":null,"orig_run_at":"document-end"}},"settings":{"enabled":true,"position":3},"meta":{"name":"readyToLearnHR","uuid":"9597812f-bf28-4272-be54-8af9b7207269","modified":1423857449974}}